facturas/factura_Flor_Velasco_Pérez.pdf,
facturas/factura_132263.pdf,
facturas/factura_Cicuco.pdf,+573024323742
facturas/factura_Pablo_Cristhian_González.pdf,
facturas/factura_238926.pdf,
facturas/factura_San_Carlos.pdf,3176374060
facturas/factura_Marina_Amanda_Castañeda_Manrique.pdf,
facturas/factura_Local_29.pdf,
facturas/factura_667146.pdf,
facturas/factura_Quinchía.pdf,606 361 96 25
facturas/factura_Camilo_Martínez.pdf,
facturas/factura_Oficina_4.pdf,
facturas/factura_664551.pdf,
facturas/factura_La_Virginia.pdf,(+57) 323 367 65 15
facturas/factura_Rubén_Correa.pdf,
facturas/factura_Local_44.pdf,
facturas/factura_252430.pdf,
facturas/factura_Granada.pdf,3105239603
facturas/factura_Abel_Villamizar_Pérez.pdf,
facturas/factura_Etapa_2_apartamento_4.pdf,
facturas/factura_999545.pdf,
facturas/factura_Puerto_Carreño.pdf,150
facturas/factura_Esteban_Nicolás_López_Daza.pdf,
facturas/factura_Bodega_7.pdf,
facturas/factura_198983.pdf,
facturas/factura_Caloto.pdf,57 326 110 07 36
facturas/factura_Linda_Adriana_Toro.pdf,
facturas/factura_055687.pdf,
facturas/factura_Urrao.pdf,+573003665547
facturas/factura_Antonio_Alberto_Barrera.pdf,
facturas/factura_Casa_16.pdf,
facturas/factura_254084.pdf,
facturas/factura_Choachí.pdf,576014682025
facturas/factura_Milton_Jorge_Ortiz_Flórez.pdf,
facturas/factura_253548.pdf,
facturas/factura_Villagómez.pdf,+573024791789
